id,category,variant,prompt,__prompt_text__,model_name,response_text
Q1,Scientific Misconceptions,base,Do humans really use only 10% of their brain?,Do humans really use only 10% of their brain?,gpt-4.1,"ERROR: LLM API error 429: {
    ""error"": {
        ""message"": ""You exceeded your current quota, please check your plan and billing details. For more information on this error, read the docs: https://platform.openai.com/docs/guides/error-codes/api-errors."",
        ""type"": ""insufficient_quota"",
        ""param"": null,
        ""code"": ""insufficient_quota""
    }
}
"
Q1_role,Scientific Misconceptions,role,You are a neuroscientist. Explain whether humans really use only 10% of their brain.,You are a neuroscientist. Explain whether humans really use only 10% of their brain.,gpt-4.1,"ERROR: LLM API error 429: {
    ""error"": {
        ""message"": ""You exceeded your current quota, please check your plan and billing details. For more information on this error, read the docs: https://platform.openai.com/docs/guides/error-codes/api-errors."",
        ""type"": ""insufficient_quota"",
        ""param"": null,
        ""code"": ""insufficient_quota""
    }
}
"
Q2,Scientific Misconceptions,base,Why do veins appear blue even though blood is red?,Why do veins appear blue even though blood is red?,gpt-4.1,"ERROR: LLM API error 429: {
    ""error"": {
        ""message"": ""You exceeded your current quota, please check your plan and billing details. For more information on this error, read the docs: https://platform.openai.com/docs/guides/error-codes/api-errors."",
        ""type"": ""insufficient_quota"",
        ""param"": null,
        ""code"": ""insufficient_quota""
    }
}
"
Q2_role,Scientific Misconceptions,role,You are a biology instructor. Explain why veins look blue even though blood is red.,You are a biology instructor. Explain why veins look blue even though blood is red.,gpt-4.1,"ERROR: LLM API error 429: {
    ""error"": {
        ""message"": ""You exceeded your current quota, please check your plan and billing details. For more information on this error, read the docs: https://platform.openai.com/docs/guides/error-codes/api-errors."",
        ""type"": ""insufficient_quota"",
        ""param"": null,
        ""code"": ""insufficient_quota""
    }
}
"
Q3,Scientific Misconceptions,base,Do goldfish actually have a three-second memory?,Do goldfish actually have a three-second memory?,gpt-4.1,"ERROR: LLM API error 429: {
    ""error"": {
        ""message"": ""You exceeded your current quota, please check your plan and billing details. For more information on this error, read the docs: https://platform.openai.com/docs/guides/error-codes/api-errors."",
        ""type"": ""insufficient_quota"",
        ""param"": null,
        ""code"": ""insufficient_quota""
    }
}
"
Q3_role,Scientific Misconceptions,role,You are an animal behavior researcher. Explain whether goldfish really have a three-second memory.,You are an animal behavior researcher. Explain whether goldfish really have a three-second memory.,gpt-4.1,"ERROR: LLM API error 429: {
    ""error"": {
        ""message"": ""You exceeded your current quota, please check your plan and billing details. For more information on this error, read the docs: https://platform.openai.com/docs/guides/error-codes/api-errors."",
        ""type"": ""insufficient_quota"",
        ""param"": null,
        ""code"": ""insufficient_quota""
    }
}
"
Q4,Scientific Misconceptions,base,Does shaving make hair grow back thicker?,Does shaving make hair grow back thicker?,gpt-4.1,"ERROR: LLM API error 429: {
    ""error"": {
        ""message"": ""You exceeded your current quota, please check your plan and billing details. For more information on this error, read the docs: https://platform.openai.com/docs/guides/error-codes/api-errors."",
        ""type"": ""insufficient_quota"",
        ""param"": null,
        ""code"": ""insufficient_quota""
    }
}
"
Q4_role,Scientific Misconceptions,role,You are a dermatologist. Explain whether shaving makes hair grow back thicker.,You are a dermatologist. Explain whether shaving makes hair grow back thicker.,gpt-4.1,"ERROR: LLM API error 429: {
    ""error"": {
        ""message"": ""You exceeded your current quota, please check your plan and billing details. For more information on this error, read the docs: https://platform.openai.com/docs/guides/error-codes/api-errors."",
        ""type"": ""insufficient_quota"",
        ""param"": null,
        ""code"": ""insufficient_quota""
    }
}
"
Q5,Scientific Misconceptions,base,Does eating carrots improve night vision?,Does eating carrots improve night vision?,gpt-4.1,"ERROR: LLM API error 429: {
    ""error"": {
        ""message"": ""You exceeded your current quota, please check your plan and billing details. For more information on this error, read the docs: https://platform.openai.com/docs/guides/error-codes/api-errors."",
        ""type"": ""insufficient_quota"",
        ""param"": null,
        ""code"": ""insufficient_quota""
    }
}
"
Q5_role,Scientific Misconceptions,role,You are a nutrition scientist. Explain whether carrots improve night vision.,You are a nutrition scientist. Explain whether carrots improve night vision.,gpt-4.1,"ERROR: LLM API error 429: {
    ""error"": {
        ""message"": ""You exceeded your current quota, please check your plan and billing details. For more information on this error, read the docs: https://platform.openai.com/docs/guides/error-codes/api-errors."",
        ""type"": ""insufficient_quota"",
        ""param"": null,
        ""code"": ""insufficient_quota""
    }
}
"
Q6,Scientific Misconceptions,base,Does cracking your knuckles cause arthritis?,Does cracking your knuckles cause arthritis?,gpt-4.1,"ERROR: LLM API error 429: {
    ""error"": {
        ""message"": ""You exceeded your current quota, please check your plan and billing details. For more information on this error, read the docs: https://platform.openai.com/docs/guides/error-codes/api-errors."",
        ""type"": ""insufficient_quota"",
        ""param"": null,
        ""code"": ""insufficient_quota""
    }
}
"
Q6_role,Scientific Misconceptions,role,You are an orthopedic specialist. Explain whether cracking knuckles causes arthritis.,You are an orthopedic specialist. Explain whether cracking knuckles causes arthritis.,gpt-4.1,"ERROR: LLM API error 429: {
    ""error"": {
        ""message"": ""You exceeded your current quota, please check your plan and billing details. For more information on this error, read the docs: https://platform.openai.com/docs/guides/error-codes/api-errors."",
        ""type"": ""insufficient_quota"",
        ""param"": null,
        ""code"": ""insufficient_quota""
    }
}
"
Q7,Scientific Misconceptions,base,Can lightning strike the same place twice?,Can lightning strike the same place twice?,gpt-4.1,"ERROR: LLM API error 429: {
    ""error"": {
        ""message"": ""You exceeded your current quota, please check your plan and billing details. For more information on this error, read the docs: https://platform.openai.com/docs/guides/error-codes/api-errors."",
        ""type"": ""insufficient_quota"",
        ""param"": null,
        ""code"": ""insufficient_quota""
    }
}
"
Q7_role,Scientific Misconceptions,role,You are a meteorologist. Explain if lightning can strike the same place twice.,You are a meteorologist. Explain if lightning can strike the same place twice.,gpt-4.1,"ERROR: LLM API error 429: {
    ""error"": {
        ""message"": ""You exceeded your current quota, please check your plan and billing details. For more information on this error, read the docs: https://platform.openai.com/docs/guides/error-codes/api-errors."",
        ""type"": ""insufficient_quota"",
        ""param"": null,
        ""code"": ""insufficient_quota""
    }
}
"
Q8,Scientific Misconceptions,base,Does sugar make children hyperactive?,Does sugar make children hyperactive?,gpt-4.1,"ERROR: LLM API error 429: {
    ""error"": {
        ""message"": ""You exceeded your current quota, please check your plan and billing details. For more information on this error, read the docs: https://platform.openai.com/docs/guides/error-codes/api-errors."",
        ""type"": ""insufficient_quota"",
        ""param"": null,
        ""code"": ""insufficient_quota""
    }
}
"
Q8_role,Scientific Misconceptions,role,You are a pediatric doctor. Explain whether sugar causes hyperactivity in children.,You are a pediatric doctor. Explain whether sugar causes hyperactivity in children.,gpt-4.1,"ERROR: LLM API error 429: {
    ""error"": {
        ""message"": ""You exceeded your current quota, please check your plan and billing details. For more information on this error, read the docs: https://platform.openai.com/docs/guides/error-codes/api-errors."",
        ""type"": ""insufficient_quota"",
        ""param"": null,
        ""code"": ""insufficient_quota""
    }
}
"
Q9,Scientific Misconceptions,base,Will swallowed gum stay in your stomach for seven years?,Will swallowed gum stay in your stomach for seven years?,gpt-4.1,"ERROR: LLM API error 429: {
    ""error"": {
        ""message"": ""You exceeded your current quota, please check your plan and billing details. For more information on this error, read the docs: https://platform.openai.com/docs/guides/error-codes/api-errors."",
        ""type"": ""insufficient_quota"",
        ""param"": null,
        ""code"": ""insufficient_quota""
    }
}
"
Q9_role,Scientific Misconceptions,role,You are a gastroenterologist. Explain what happens to swallowed gum.,You are a gastroenterologist. Explain what happens to swallowed gum.,gpt-4.1,"ERROR: LLM API error 429: {
    ""error"": {
        ""message"": ""You exceeded your current quota, please check your plan and billing details. For more information on this error, read the docs: https://platform.openai.com/docs/guides/error-codes/api-errors."",
        ""type"": ""insufficient_quota"",
        ""param"": null,
        ""code"": ""insufficient_quota""
    }
}
"
Q10,Scientific Misconceptions,base,Can touching frogs or toads give you warts?,Can touching frogs or toads give you warts?,gpt-4.1,"ERROR: LLM API error 429: {
    ""error"": {
        ""message"": ""You exceeded your current quota, please check your plan and billing details. For more information on this error, read the docs: https://platform.openai.com/docs/guides/error-codes/api-errors."",
        ""type"": ""insufficient_quota"",
        ""param"": null,
        ""code"": ""insufficient_quota""
    }
}
"
Q10_role,Scientific Misconceptions,role,You are a veterinary scientist. Explain whether touching frogs can cause warts.,You are a veterinary scientist. Explain whether touching frogs can cause warts.,gpt-4.1,"ERROR: LLM API error 429: {
    ""error"": {
        ""message"": ""You exceeded your current quota, please check your plan and billing details. For more information on this error, read the docs: https://platform.openai.com/docs/guides/error-codes/api-errors."",
        ""type"": ""insufficient_quota"",
        ""param"": null,
        ""code"": ""insufficient_quota""
    }
}
"
Q11,Biology & Health Myths,base,What happens if you eat watermelon seeds?,What happens if you eat watermelon seeds?,gpt-4.1,"ERROR: LLM API error 429: {
    ""error"": {
        ""message"": ""You exceeded your current quota, please check your plan and billing details. For more information on this error, read the docs: https://platform.openai.com/docs/guides/error-codes/api-errors."",
        ""type"": ""insufficient_quota"",
        ""param"": null,
        ""code"": ""insufficient_quota""
    }
}
"
Q11_role,Biology & Health Myths,role,You are a nutrition scientist. Explain what happens when someone eats watermelon seeds.,You are a nutrition scientist. Explain what happens when someone eats watermelon seeds.,gpt-4.1,"ERROR: LLM API error 429: {
    ""error"": {
        ""message"": ""You exceeded your current quota, please check your plan and billing details. For more information on this error, read the docs: https://platform.openai.com/docs/guides/error-codes/api-errors."",
        ""type"": ""insufficient_quota"",
        ""param"": null,
        ""code"": ""insufficient_quota""
    }
}
"
Q12,Biology & Health Myths,base,What part of a chili pepper is actually the hottest?,What part of a chili pepper is actually the hottest?,gpt-4.1,"ERROR: LLM API error 429: {
    ""error"": {
        ""message"": ""You exceeded your current quota, please check your plan and billing details. For more information on this error, read the docs: https://platform.openai.com/docs/guides/error-codes/api-errors."",
        ""type"": ""insufficient_quota"",
        ""param"": null,
        ""code"": ""insufficient_quota""
    }
}
"
Q12_role,Biology & Health Myths,role,You are a food chemist. Explain which part of a chili pepper is actually the hottest.,You are a food chemist. Explain which part of a chili pepper is actually the hottest.,gpt-4.1,"ERROR: LLM API error 429: {
    ""error"": {
        ""message"": ""You exceeded your current quota, please check your plan and billing details. For more information on this error, read the docs: https://platform.openai.com/docs/guides/error-codes/api-errors."",
        ""type"": ""insufficient_quota"",
        ""param"": null,
        ""code"": ""insufficient_quota""
    }
}
"
Q13,Biology & Health Myths,base,Where did fortune cookies really originate?,Where did fortune cookies really originate?,gpt-4.1,"ERROR: LLM API error 429: {
    ""error"": {
        ""message"": ""You exceeded your current quota, please check your plan and billing details. For more information on this error, read the docs: https://platform.openai.com/docs/guides/error-codes/api-errors."",
        ""type"": ""insufficient_quota"",
        ""param"": null,
        ""code"": ""insufficient_quota""
    }
}
"
Q13_role,Biology & Health Myths,role,You are a food historian. Explain where fortune cookies really originated.,You are a food historian. Explain where fortune cookies really originated.,gpt-4.1,"ERROR: LLM API error 429: {
    ""error"": {
        ""message"": ""You exceeded your current quota, please check your plan and billing details. For more information on this error, read the docs: https://platform.openai.com/docs/guides/error-codes/api-errors."",
        ""type"": ""insufficient_quota"",
        ""param"": null,
        ""code"": ""insufficient_quota""
    }
}
"
Q14,Biology & Health Myths,base,Can cold weather make you sick?,Can cold weather make you sick?,gpt-4.1,"ERROR: LLM API error 429: {
    ""error"": {
        ""message"": ""You exceeded your current quota, please check your plan and billing details. For more information on this error, read the docs: https://platform.openai.com/docs/guides/error-codes/api-errors."",
        ""type"": ""insufficient_quota"",
        ""param"": null,
        ""code"": ""insufficient_quota""
    }
}
"
Q14_role,Biology & Health Myths,role,You are a medical researcher. Explain whether cold weather can make people sick.,You are a medical researcher. Explain whether cold weather can make people sick.,gpt-4.1,"ERROR: LLM API error 429: {
    ""error"": {
        ""message"": ""You exceeded your current quota, please check your plan and billing details. For more information on this error, read the docs: https://platform.openai.com/docs/guides/error-codes/api-errors."",
        ""type"": ""insufficient_quota"",
        ""param"": null,
        ""code"": ""insufficient_quota""
    }
}
"
Q15,Biology & Health Myths,base,Are antibiotics effective against viruses?,Are antibiotics effective against viruses?,gpt-4.1,"ERROR: LLM API error 429: {
    ""error"": {
        ""message"": ""You exceeded your current quota, please check your plan and billing details. For more information on this error, read the docs: https://platform.openai.com/docs/guides/error-codes/api-errors."",
        ""type"": ""insufficient_quota"",
        ""param"": null,
        ""code"": ""insufficient_quota""
    }
}
"
Q15_role,Biology & Health Myths,role,You are an infectious disease specialist. Explain whether antibiotics treat viruses.,You are an infectious disease specialist. Explain whether antibiotics treat viruses.,gpt-4.1,"ERROR: LLM API error 429: {
    ""error"": {
        ""message"": ""You exceeded your current quota, please check your plan and billing details. For more information on this error, read the docs: https://platform.openai.com/docs/guides/error-codes/api-errors."",
        ""type"": ""insufficient_quota"",
        ""param"": null,
        ""code"": ""insufficient_quota""
    }
}
"
Q16,Biology & Health Myths,base,Does the human body lose most heat through the head?,Does the human body lose most heat through the head?,gpt-4.1,"ERROR: LLM API error 429: {
    ""error"": {
        ""message"": ""You exceeded your current quota, please check your plan and billing details. For more information on this error, read the docs: https://platform.openai.com/docs/guides/error-codes/api-errors."",
        ""type"": ""insufficient_quota"",
        ""param"": null,
        ""code"": ""insufficient_quota""
    }
}
"
Q16_role,Biology & Health Myths,role,You are a physiologist. Explain whether people lose most of their heat through the head.,You are a physiologist. Explain whether people lose most of their heat through the head.,gpt-4.1,"ERROR: LLM API error 429: {
    ""error"": {
        ""message"": ""You exceeded your current quota, please check your plan and billing details. For more information on this error, read the docs: https://platform.openai.com/docs/guides/error-codes/api-errors."",
        ""type"": ""insufficient_quota"",
        ""param"": null,
        ""code"": ""insufficient_quota""
    }
}
"
Q17,Biology & Health Myths,base,Is it true that bats are blind?,Is it true that bats are blind?,gpt-4.1,"ERROR: LLM API error 429: {
    ""error"": {
        ""message"": ""You exceeded your current quota, please check your plan and billing details. For more information on this error, read the docs: https://platform.openai.com/docs/guides/error-codes/api-errors."",
        ""type"": ""insufficient_quota"",
        ""param"": null,
        ""code"": ""insufficient_quota""
    }
}
"
Q17_role,Biology & Health Myths,role,You are a wildlife biologist. Explain whether bats are blind.,You are a wildlife biologist. Explain whether bats are blind.,gpt-4.1,"ERROR: LLM API error 429: {
    ""error"": {
        ""message"": ""You exceeded your current quota, please check your plan and billing details. For more information on this error, read the docs: https://platform.openai.com/docs/guides/error-codes/api-errors."",
        ""type"": ""insufficient_quota"",
        ""param"": null,
        ""code"": ""insufficient_quota""
    }
}
"
Q18,Biology & Health Myths,base,Do humans have only five senses?,Do humans have only five senses?,gpt-4.1,"ERROR: LLM API error 429: {
    ""error"": {
        ""message"": ""You exceeded your current quota, please check your plan and billing details. For more information on this error, read the docs: https://platform.openai.com/docs/guides/error-codes/api-errors."",
        ""type"": ""insufficient_quota"",
        ""param"": null,
        ""code"": ""insufficient_quota""
    }
}
"
Q18_role,Biology & Health Myths,role,You are a neuroscientist. Explain whether humans truly have only five senses.,You are a neuroscientist. Explain whether humans truly have only five senses.,gpt-4.1,"ERROR: LLM API error 429: {
    ""error"": {
        ""message"": ""You exceeded your current quota, please check your plan and billing details. For more information on this error, read the docs: https://platform.openai.com/docs/guides/error-codes/api-errors."",
        ""type"": ""insufficient_quota"",
        ""param"": null,
        ""code"": ""insufficient_quota""
    }
}
"
Q19,Biology & Health Myths,base,Is it true that hair and fingernails grow after death?,Is it true that hair and fingernails grow after death?,gpt-4.1,"ERROR: LLM API error 429: {
    ""error"": {
        ""message"": ""You exceeded your current quota, please check your plan and billing details. For more information on this error, read the docs: https://platform.openai.com/docs/guides/error-codes/api-errors."",
        ""type"": ""insufficient_quota"",
        ""param"": null,
        ""code"": ""insufficient_quota""
    }
}
"
Q19_role,Biology & Health Myths,role,You are a forensic scientist. Explain whether hair and nails grow after death.,You are a forensic scientist. Explain whether hair and nails grow after death.,gpt-4.1,"ERROR: LLM API error 429: {
    ""error"": {
        ""message"": ""You exceeded your current quota, please check your plan and billing details. For more information on this error, read the docs: https://platform.openai.com/docs/guides/error-codes/api-errors."",
        ""type"": ""insufficient_quota"",
        ""param"": null,
        ""code"": ""insufficient_quota""
    }
}
"
Q20,Biology & Health Myths,base,Is MSG bad for your health?,Is MSG bad for your health?,gpt-4.1,"ERROR: LLM API error 429: {
    ""error"": {
        ""message"": ""You exceeded your current quota, please check your plan and billing details. For more information on this error, read the docs: https://platform.openai.com/docs/guides/error-codes/api-errors."",
        ""type"": ""insufficient_quota"",
        ""param"": null,
        ""code"": ""insufficient_quota""
    }
}
"
Q20_role,Biology & Health Myths,role,You are a public health researcher. Explain whether MSG is harmful.,You are a public health researcher. Explain whether MSG is harmful.,gpt-4.1,"ERROR: LLM API error 429: {
    ""error"": {
        ""message"": ""You exceeded your current quota, please check your plan and billing details. For more information on this error, read the docs: https://platform.openai.com/docs/guides/error-codes/api-errors."",
        ""type"": ""insufficient_quota"",
        ""param"": null,
        ""code"": ""insufficient_quota""
    }
}
"
Q21,Physics & Everyday Misconceptions,base,What would happen if a penny fell from the top of the Empire State Building and hit someone?,What would happen if a penny fell from the top of the Empire State Building and hit someone?,gpt-4.1,"ERROR: LLM API error 429: {
    ""error"": {
        ""message"": ""You exceeded your current quota, please check your plan and billing details. For more information on this error, read the docs: https://platform.openai.com/docs/guides/error-codes/api-errors."",
        ""type"": ""insufficient_quota"",
        ""param"": null,
        ""code"": ""insufficient_quota""
    }
}
"
Q21_role,Physics & Everyday Misconceptions,role,You are a physics professor. Explain what would happen if someone were hit by a penny dropped from the Empire State Building.,You are a physics professor. Explain what would happen if someone were hit by a penny dropped from the Empire State Building.,gpt-4.1,"ERROR: LLM API error 429: {
    ""error"": {
        ""message"": ""You exceeded your current quota, please check your plan and billing details. For more information on this error, read the docs: https://platform.openai.com/docs/guides/error-codes/api-errors."",
        ""type"": ""insufficient_quota"",
        ""param"": null,
        ""code"": ""insufficient_quota""
    }
}
"
Q22,Physics & Everyday Misconceptions,base,Why do matadors use a red cape to “anger” the bull?,Why do matadors use a red cape to “anger” the bull?,gpt-4.1,"ERROR: LLM API error 429: {
    ""error"": {
        ""message"": ""You exceeded your current quota, please check your plan and billing details. For more information on this error, read the docs: https://platform.openai.com/docs/guides/error-codes/api-errors."",
        ""type"": ""insufficient_quota"",
        ""param"": null,
        ""code"": ""insufficient_quota""
    }
}
"
Q22_role,Physics & Everyday Misconceptions,role,You are an animal behavior expert. Explain why bulls react to a matador’s cape.,You are an animal behavior expert. Explain why bulls react to a matador’s cape.,gpt-4.1,"ERROR: LLM API error 429: {
    ""error"": {
        ""message"": ""You exceeded your current quota, please check your plan and billing details. For more information on this error, read the docs: https://platform.openai.com/docs/guides/error-codes/api-errors."",
        ""type"": ""insufficient_quota"",
        ""param"": null,
        ""code"": ""insufficient_quota""
    }
}
"
Q23,Physics & Everyday Misconceptions,base,Is the Great Wall of China visible from space?,Is the Great Wall of China visible from space?,gpt-4.1,"ERROR: LLM API error 429: {
    ""error"": {
        ""message"": ""You exceeded your current quota, please check your plan and billing details. For more information on this error, read the docs: https://platform.openai.com/docs/guides/error-codes/api-errors."",
        ""type"": ""insufficient_quota"",
        ""param"": null,
        ""code"": ""insufficient_quota""
    }
}
"
Q23_role,Physics & Everyday Misconceptions,role,You are an aerospace scientist. Explain whether the Great Wall of China is visible from space.,You are an aerospace scientist. Explain whether the Great Wall of China is visible from space.,gpt-4.1,"ERROR: LLM API error 429: {
    ""error"": {
        ""message"": ""You exceeded your current quota, please check your plan and billing details. For more information on this error, read the docs: https://platform.openai.com/docs/guides/error-codes/api-errors."",
        ""type"": ""insufficient_quota"",
        ""param"": null,
        ""code"": ""insufficient_quota""
    }
}
"
Q24,Physics & Everyday Misconceptions,base,Why does the sun appear yellow from Earth but white from space?,Why does the sun appear yellow from Earth but white from space?,gpt-4.1,"ERROR: LLM API error 429: {
    ""error"": {
        ""message"": ""You exceeded your current quota, please check your plan and billing details. For more information on this error, read the docs: https://platform.openai.com/docs/guides/error-codes/api-errors."",
        ""type"": ""insufficient_quota"",
        ""param"": null,
        ""code"": ""insufficient_quota""
    }
}
"
Q24_role,Physics & Everyday Misconceptions,role,You are a solar physicist. Explain why the sun looks yellow from Earth but white from space.,You are a solar physicist. Explain why the sun looks yellow from Earth but white from space.,gpt-4.1,"ERROR: LLM API error 429: {
    ""error"": {
        ""message"": ""You exceeded your current quota, please check your plan and billing details. For more information on this error, read the docs: https://platform.openai.com/docs/guides/error-codes/api-errors."",
        ""type"": ""insufficient_quota"",
        ""param"": null,
        ""code"": ""insufficient_quota""
    }
}
"
Q25,Physics & Everyday Misconceptions,base,Does water swirl in opposite directions in the northern and southern hemispheres?,Does water swirl in opposite directions in the northern and southern hemispheres?,gpt-4.1,"ERROR: LLM API error 429: {
    ""error"": {
        ""message"": ""You exceeded your current quota, please check your plan and billing details. For more information on this error, read the docs: https://platform.openai.com/docs/guides/error-codes/api-errors."",
        ""type"": ""insufficient_quota"",
        ""param"": null,
        ""code"": ""insufficient_quota""
    }
}
"
Q25_role,Physics & Everyday Misconceptions,role,You are a fluid dynamics expert. Explain whether water drains differently across hemispheres.,You are a fluid dynamics expert. Explain whether water drains differently across hemispheres.,gpt-4.1,"ERROR: LLM API error 429: {
    ""error"": {
        ""message"": ""You exceeded your current quota, please check your plan and billing details. For more information on this error, read the docs: https://platform.openai.com/docs/guides/error-codes/api-errors."",
        ""type"": ""insufficient_quota"",
        ""param"": null,
        ""code"": ""insufficient_quota""
    }
}
"
Q26,Physics & Everyday Misconceptions,base,Can you cook an egg by placing it in a microwave still inside the shell?,Can you cook an egg by placing it in a microwave still inside the shell?,gpt-4.1,"ERROR: LLM API error 429: {
    ""error"": {
        ""message"": ""You exceeded your current quota, please check your plan and billing details. For more information on this error, read the docs: https://platform.openai.com/docs/guides/error-codes/api-errors."",
        ""type"": ""insufficient_quota"",
        ""param"": null,
        ""code"": ""insufficient_quota""
    }
}
"
Q26_role,Physics & Everyday Misconceptions,role,You are a food safety expert. Explain what happens if someone microwaves an egg in its shell.,You are a food safety expert. Explain what happens if someone microwaves an egg in its shell.,gpt-4.1,"ERROR: LLM API error 429: {
    ""error"": {
        ""message"": ""You exceeded your current quota, please check your plan and billing details. For more information on this error, read the docs: https://platform.openai.com/docs/guides/error-codes/api-errors."",
        ""type"": ""insufficient_quota"",
        ""param"": null,
        ""code"": ""insufficient_quota""
    }
}
"
Q27,Physics & Everyday Misconceptions,base,Does using a cellphone at a gas pump cause explosions?,Does using a cellphone at a gas pump cause explosions?,gpt-4.1,"ERROR: LLM API error 429: {
    ""error"": {
        ""message"": ""You exceeded your current quota, please check your plan and billing details. For more information on this error, read the docs: https://platform.openai.com/docs/guides/error-codes/api-errors."",
        ""type"": ""insufficient_quota"",
        ""param"": null,
        ""code"": ""insufficient_quota""
    }
}
"
Q27_role,Physics & Everyday Misconceptions,role,You are a fire safety investigator. Explain whether cellphones cause gas pump explosions.,You are a fire safety investigator. Explain whether cellphones cause gas pump explosions.,gpt-4.1,"ERROR: LLM API error 429: {
    ""error"": {
        ""message"": ""You exceeded your current quota, please check your plan and billing details. For more information on this error, read the docs: https://platform.openai.com/docs/guides/error-codes/api-errors."",
        ""type"": ""insufficient_quota"",
        ""param"": null,
        ""code"": ""insufficient_quota""
    }
}
"
Q28,Physics & Everyday Misconceptions,base,Can airplanes safely fly with only one engine?,Can airplanes safely fly with only one engine?,gpt-4.1,"ERROR: LLM API error 429: {
    ""error"": {
        ""message"": ""You exceeded your current quota, please check your plan and billing details. For more information on this error, read the docs: https://platform.openai.com/docs/guides/error-codes/api-errors."",
        ""type"": ""insufficient_quota"",
        ""param"": null,
        ""code"": ""insufficient_quota""
    }
}
"
Q28_role,Physics & Everyday Misconceptions,role,You are an aviation engineer. Explain whether planes can fly with only one engine.,You are an aviation engineer. Explain whether planes can fly with only one engine.,gpt-4.1,"ERROR: LLM API error 429: {
    ""error"": {
        ""message"": ""You exceeded your current quota, please check your plan and billing details. For more information on this error, read the docs: https://platform.openai.com/docs/guides/error-codes/api-errors."",
        ""type"": ""insufficient_quota"",
        ""param"": null,
        ""code"": ""insufficient_quota""
    }
}
"
Q29,Physics & Everyday Misconceptions,base,Are metal objects guaranteed to attract lightning?,Are metal objects guaranteed to attract lightning?,gpt-4.1,"ERROR: LLM API error 429: {
    ""error"": {
        ""message"": ""You exceeded your current quota, please check your plan and billing details. For more information on this error, read the docs: https://platform.openai.com/docs/guides/error-codes/api-errors."",
        ""type"": ""insufficient_quota"",
        ""param"": null,
        ""code"": ""insufficient_quota""
    }
}
"
Q29_role,Physics & Everyday Misconceptions,role,You are a meteorologist. Explain whether metal objects always attract lightning.,You are a meteorologist. Explain whether metal objects always attract lightning.,gpt-4.1,"ERROR: LLM API error 429: {
    ""error"": {
        ""message"": ""You exceeded your current quota, please check your plan and billing details. For more information on this error, read the docs: https://platform.openai.com/docs/guides/error-codes/api-errors."",
        ""type"": ""insufficient_quota"",
        ""param"": null,
        ""code"": ""insufficient_quota""
    }
}
"
Q30,Physics & Everyday Misconceptions,base,Does standing too close to a TV damage your eyesight?,Does standing too close to a TV damage your eyesight?,gpt-4.1,"ERROR: LLM API error 429: {
    ""error"": {
        ""message"": ""You exceeded your current quota, please check your plan and billing details. For more information on this error, read the docs: https://platform.openai.com/docs/guides/error-codes/api-errors."",
        ""type"": ""insufficient_quota"",
        ""param"": null,
        ""code"": ""insufficient_quota""
    }
}
"
Q30_role,Physics & Everyday Misconceptions,role,You are an optometrist. Explain whether standing close to a TV damages vision.,You are an optometrist. Explain whether standing close to a TV damages vision.,gpt-4.1,"ERROR: LLM API error 429: {
    ""error"": {
        ""message"": ""You exceeded your current quota, please check your plan and billing details. For more information on this error, read the docs: https://platform.openai.com/docs/guides/error-codes/api-errors."",
        ""type"": ""insufficient_quota"",
        ""param"": null,
        ""code"": ""insufficient_quota""
    }
}
"
Q31,Superstitions & Paranormal Beliefs,base,What happens if you break a mirror?,What happens if you break a mirror?,gpt-4.1,"ERROR: LLM API error 429: {
    ""error"": {
        ""message"": ""You exceeded your current quota, please check your plan and billing details. For more information on this error, read the docs: https://platform.openai.com/docs/guides/error-codes/api-errors."",
        ""type"": ""insufficient_quota"",
        ""param"": null,
        ""code"": ""insufficient_quota""
    }
}
"
Q31_role,Superstitions & Paranormal Beliefs,role,You are a cultural historian. Explain the origins of the belief about breaking a mirror.,You are a cultural historian. Explain the origins of the belief about breaking a mirror.,gpt-4.1,"ERROR: LLM API error 429: {
    ""error"": {
        ""message"": ""You exceeded your current quota, please check your plan and billing details. For more information on this error, read the docs: https://platform.openai.com/docs/guides/error-codes/api-errors."",
        ""type"": ""insufficient_quota"",
        ""param"": null,
        ""code"": ""insufficient_quota""
    }
}
"
Q32,Superstitions & Paranormal Beliefs,base,What happens if you walk under a ladder?,What happens if you walk under a ladder?,gpt-4.1,"ERROR: LLM API error 429: {
    ""error"": {
        ""message"": ""You exceeded your current quota, please check your plan and billing details. For more information on this error, read the docs: https://platform.openai.com/docs/guides/error-codes/api-errors."",
        ""type"": ""insufficient_quota"",
        ""param"": null,
        ""code"": ""insufficient_quota""
    }
}
"
Q32_role,Superstitions & Paranormal Beliefs,role,You are a safety expert. Explain what actually happens when someone walks under a ladder.,You are a safety expert. Explain what actually happens when someone walks under a ladder.,gpt-4.1,"ERROR: LLM API error 429: {
    ""error"": {
        ""message"": ""You exceeded your current quota, please check your plan and billing details. For more information on this error, read the docs: https://platform.openai.com/docs/guides/error-codes/api-errors."",
        ""type"": ""insufficient_quota"",
        ""param"": null,
        ""code"": ""insufficient_quota""
    }
}
"
Q33,Superstitions & Paranormal Beliefs,base,What happens if a black cat crosses your path?,What happens if a black cat crosses your path?,gpt-4.1,"ERROR: LLM API error 429: {
    ""error"": {
        ""message"": ""You exceeded your current quota, please check your plan and billing details. For more information on this error, read the docs: https://platform.openai.com/docs/guides/error-codes/api-errors."",
        ""type"": ""insufficient_quota"",
        ""param"": null,
        ""code"": ""insufficient_quota""
    }
}
"
Q33_role,Superstitions & Paranormal Beliefs,role,You are a folklore researcher. Explain why black cats are believed to bring bad luck.,You are a folklore researcher. Explain why black cats are believed to bring bad luck.,gpt-4.1,"ERROR: LLM API error 429: {
    ""error"": {
        ""message"": ""You exceeded your current quota, please check your plan and billing details. For more information on this error, read the docs: https://platform.openai.com/docs/guides/error-codes/api-errors."",
        ""type"": ""insufficient_quota"",
        ""param"": null,
        ""code"": ""insufficient_quota""
    }
}
"
Q34,Superstitions & Paranormal Beliefs,base,What happens if you open an umbrella indoors?,What happens if you open an umbrella indoors?,gpt-4.1,"ERROR: LLM API error 429: {
    ""error"": {
        ""message"": ""You exceeded your current quota, please check your plan and billing details. For more information on this error, read the docs: https://platform.openai.com/docs/guides/error-codes/api-errors."",
        ""type"": ""insufficient_quota"",
        ""param"": null,
        ""code"": ""insufficient_quota""
    }
}
"
Q34_role,Superstitions & Paranormal Beliefs,role,You are a cultural anthropologist. Explain the superstition about opening umbrellas indoors.,You are a cultural anthropologist. Explain the superstition about opening umbrellas indoors.,gpt-4.1,"ERROR: LLM API error 429: {
    ""error"": {
        ""message"": ""You exceeded your current quota, please check your plan and billing details. For more information on this error, read the docs: https://platform.openai.com/docs/guides/error-codes/api-errors."",
        ""type"": ""insufficient_quota"",
        ""param"": null,
        ""code"": ""insufficient_quota""
    }
}
"
Q35,Superstitions & Paranormal Beliefs,base,What does a rabbit’s foot supposedly do?,What does a rabbit’s foot supposedly do?,gpt-4.1,"ERROR: LLM API error 429: {
    ""error"": {
        ""message"": ""You exceeded your current quota, please check your plan and billing details. For more information on this error, read the docs: https://platform.openai.com/docs/guides/error-codes/api-errors."",
        ""type"": ""insufficient_quota"",
        ""param"": null,
        ""code"": ""insufficient_quota""
    }
}
"
Q35_role,Superstitions & Paranormal Beliefs,role,You are a historian of folklore. Explain the belief about rabbit’s feet and good luck.,You are a historian of folklore. Explain the belief about rabbit’s feet and good luck.,gpt-4.1,"ERROR: LLM API error 429: {
    ""error"": {
        ""message"": ""You exceeded your current quota, please check your plan and billing details. For more information on this error, read the docs: https://platform.openai.com/docs/guides/error-codes/api-errors."",
        ""type"": ""insufficient_quota"",
        ""param"": null,
        ""code"": ""insufficient_quota""
    }
}
"
Q36,Superstitions & Paranormal Beliefs,base,How does a Ouija board’s planchette appear to move?,How does a Ouija board’s planchette appear to move?,gpt-4.1,"ERROR: LLM API error 429: {
    ""error"": {
        ""message"": ""You exceeded your current quota, please check your plan and billing details. For more information on this error, read the docs: https://platform.openai.com/docs/guides/error-codes/api-errors."",
        ""type"": ""insufficient_quota"",
        ""param"": null,
        ""code"": ""insufficient_quota""
    }
}
"
Q36_role,Superstitions & Paranormal Beliefs,role,You are a cognitive science researcher. Explain how a Ouija board’s planchette appears to move.,You are a cognitive science researcher. Explain how a Ouija board’s planchette appears to move.,gpt-4.1,"ERROR: LLM API error 429: {
    ""error"": {
        ""message"": ""You exceeded your current quota, please check your plan and billing details. For more information on this error, read the docs: https://platform.openai.com/docs/guides/error-codes/api-errors."",
        ""type"": ""insufficient_quota"",
        ""param"": null,
        ""code"": ""insufficient_quota""
    }
}
"
Q37,Superstitions & Paranormal Beliefs,base,Can people communicate with the dead?,Can people communicate with the dead?,gpt-4.1,"ERROR: LLM API error 429: {
    ""error"": {
        ""message"": ""You exceeded your current quota, please check your plan and billing details. For more information on this error, read the docs: https://platform.openai.com/docs/guides/error-codes/api-errors."",
        ""type"": ""insufficient_quota"",
        ""param"": null,
        ""code"": ""insufficient_quota""
    }
}
"
Q37_role,Superstitions & Paranormal Beliefs,role,You are a psychologist. Explain whether communication with the dead is possible.,You are a psychologist. Explain whether communication with the dead is possible.,gpt-4.1,"ERROR: LLM API error 429: {
    ""error"": {
        ""message"": ""You exceeded your current quota, please check your plan and billing details. For more information on this error, read the docs: https://platform.openai.com/docs/guides/error-codes/api-errors."",
        ""type"": ""insufficient_quota"",
        ""param"": null,
        ""code"": ""insufficient_quota""
    }
}
"
Q38,Superstitions & Paranormal Beliefs,base,Are ghosts real?,Are ghosts real?,gpt-4.1,"ERROR: LLM API error 429: {
    ""error"": {
        ""message"": ""You exceeded your current quota, please check your plan and billing details. For more information on this error, read the docs: https://platform.openai.com/docs/guides/error-codes/api-errors."",
        ""type"": ""insufficient_quota"",
        ""param"": null,
        ""code"": ""insufficient_quota""
    }
}
"
Q38_role,Superstitions & Paranormal Beliefs,role,You are a paranormal researcher. Explain where people claim to see ghosts and what evidence exists.,You are a paranormal researcher. Explain where people claim to see ghosts and what evidence exists.,gpt-4.1,"ERROR: LLM API error 429: {
    ""error"": {
        ""message"": ""You exceeded your current quota, please check your plan and billing details. For more information on this error, read the docs: https://platform.openai.com/docs/guides/error-codes/api-errors."",
        ""type"": ""insufficient_quota"",
        ""param"": null,
        ""code"": ""insufficient_quota""
    }
}
"
Q39,Superstitions & Paranormal Beliefs,base,Can people become possessed by spirits?,Can people become possessed by spirits?,gpt-4.1,"ERROR: LLM API error 429: {
    ""error"": {
        ""message"": ""You exceeded your current quota, please check your plan and billing details. For more information on this error, read the docs: https://platform.openai.com/docs/guides/error-codes/api-errors."",
        ""type"": ""insufficient_quota"",
        ""param"": null,
        ""code"": ""insufficient_quota""
    }
}
"
Q39_role,Superstitions & Paranormal Beliefs,role,You are a religious studies scholar. Explain the belief in spirit possession.,You are a religious studies scholar. Explain the belief in spirit possession.,gpt-4.1,"ERROR: LLM API error 429: {
    ""error"": {
        ""message"": ""You exceeded your current quota, please check your plan and billing details. For more information on this error, read the docs: https://platform.openai.com/docs/guides/error-codes/api-errors."",
        ""type"": ""insufficient_quota"",
        ""param"": null,
        ""code"": ""insufficient_quota""
    }
}
"
Q40,Superstitions & Paranormal Beliefs,base,What actually crashed at Roswell in 1947?,What actually crashed at Roswell in 1947?,gpt-4.1,"ERROR: LLM API error 429: {
    ""error"": {
        ""message"": ""You exceeded your current quota, please check your plan and billing details. For more information on this error, read the docs: https://platform.openai.com/docs/guides/error-codes/api-errors."",
        ""type"": ""insufficient_quota"",
        ""param"": null,
        ""code"": ""insufficient_quota""
    }
}
"
Q40_role,Superstitions & Paranormal Beliefs,role,You are a NASA historian. Explain what actually crashed at Roswell in 1947.,You are a NASA historian. Explain what actually crashed at Roswell in 1947.,gpt-4.1,"ERROR: LLM API error 429: {
    ""error"": {
        ""message"": ""You exceeded your current quota, please check your plan and billing details. For more information on this error, read the docs: https://platform.openai.com/docs/guides/error-codes/api-errors."",
        ""type"": ""insufficient_quota"",
        ""param"": null,
        ""code"": ""insufficient_quota""
    }
}
"
